{
  "model_type": "RandomForestClassifier",
  "features": [
    "heart_rate",
    "steps_daily",
    "sleep_hours",
    "age"
  ],
  "metrics": {
    "accuracy": 0.92,
    "precision": 0.5,
    "recall": 0.375,
    "f1_score": 0.42857142857142855,
    "roc_auc": 0.9227241847826088,
    "specificity": 0.967391304347826,
    "training_time": 0.687268
  },
  "timestamp": "2025-06-26T22:00:22.590495",
  "config": {
    "n_estimators": 100,
    "max_depth": 10,
    "random_state": 42
  }
}